Wie heißt die Balkonblume die man hierzulande am häufigsten sieht?	Geranien (botanisch: Pelargonien=	HausGarten	1
Wie wurden Teppiche gereinigt, bevor es staubsauger gab?	Die wurden im freien mit den Teppichklopfer ausgeklppft.	HausGarten	2
Mit welchen Hausmittel lassen sich Kalkablagerungen besonders effektiv entfernen? Tipp: Wird auch gerne in Salaten verwendet	Essig	HausGarten	3
Aus Kostengründen wurden kaputte Kleidungsstücke früher immer wieder ausgebessert und geflickt. Mit welcher Technik reparierte man löcher in Socken?	durch Stopfen mit Wolle (Oder Garn) und Stopfnadel	HausGarten	4
Womit werden Dächer z.B. an der Nord und Ostseeküste häufig gedeckt?	Schilf oder Reet (Reetdach)	HausGarten	5
Welche Obstbaumsorte kommt in Deutschland am häufigsten vor?	Apfelbäume	HausGarten	6
Wie heißen die kleinen Figuren mit meist roter Zipfelmütze, die gerne in Gärten aufgestellt werden?	Gartenzwerge	HausGarten	7
Welche besonders edel wirkenden Deckenlampen werden auch als Lüster bezeichnet ?	Kronleuchter	HausGarten	8
Früher wurden Fußböden häufig gebohnert. Was versteht man unter den Begriff?	Der Fußboden wird mit Wachs versiegelt und anschließend poliert	HausGarten	9
Welche Kräutersäckchen werden gerne als Duftspender und als Mottenschutz in den Kleiderschrank gehängt?	Laverndersäckchen	HausGarten	10
Welcher immergrüne Strauch ist in unseren Heimischen Gärten als niedrige Heckpflanze sehr beliebt?	Buchsbaum	HausGarten	11
Wie nennt man umgangssprachlich Toiletten die keine Wasserspülung besitzen?	Plumpsklo	HausGarten	12
Mit welcher Handarbeit verzierten Frauen früher häufig Tischdecken und Kissen?	Stickerei	HausGarten	13
Welcher Handwerker kommt regelmäßig ins Haus, um Heizungsanlagen zu überprüfen und zu reinigen?	Schornsteinfeger oder Kaminkehrer	HausGarten	14
Wie heißen die Zwicker die gewaschene Wäsche auf der Leine halten?	Wäscheklammern	HausGarten	15
Was wird in den warmen Jahreszeiten in vielen Gärten aufgestellt, um Schatten zu spenden?	Sonnenschirm	HausGarten	16
Wie nennt man die große Reinigungsaktion die in den meisten Haushalten nach der kalten Jahreszeit durchgeführt wird	Frühjahrsputz	HausGarten	17
Welche Abteile werden in Nutzgärten meist eingeteilt?	Beete	HausGarten	18
Wann erntet man Spargel?	Im Frühling (ca. April bis Juni)	HausGarten	19
In welchen Geschoss eines Hauses werden gerne Lagerräume, Waschküche und Ähnliches untergebracht	im Keller	HausGarten	20
Womit kann man Balkon- und Gartenpflanzen behandeln, um ein schnelleres Wachstum und größere Erträge zu erzielen?	Düngemittel	HausGarten	21
Wie heißt das Wasserfeste Boden- und Wandverkleidung, die meistens in Bädern verwendet wird?	Fliesen bzw Kacheln	HausGarten	22
Welches beliebte elektrische Haushaltsgerät brachte die Firma Constructa Anfang der 50er Jahre auf den Markt?	den ersten Waschvollautomaten für den Haushalt	HausGarten	23
Bei welcher Temperatur wäscht man Bettwäsche in der Regel?	Heute meist bei 60°C, früher häufig bei 90°C	HausGarten	24
In heimischen Gärten werden gerne Gurken angebaut, Stimmt es, dass eine Gurke zu 96% aus Wasser besteht ?	Ja	HausGarten	25
Welche Grünpflanze ziehen viele Hobbyköche auf der Fensterbank, um damit jederzeit Speisen verfeinern zu können?	Kräuter (Petersilie, Basilikum, Schnittlauch)	HausGarten	26
Womit schützt man sich in der Küche beim Anfassen heißer Töpfe vor Verbrennungen?	mit Topflappen	HausGarten	27
Eine beliebte Tätigkeit bei Frauen war früher das Herstellen von Teppichen mittels Stramin und Wollfäden. Wie nennt man diese Technik?	 Knüpfen	HausGarten	28
Was stellt man im Winter gerne im Garten auf, um Vögeln das Überwintern zu erleichtern	Vogelhäuschen	HausGarten	29
Wie wurden Lebenmittel kühl gehalten bevor es Kühlschränke gab?	Durch die Lagerung im Keller etwa, in Erdlöchern im Garten oder in nahe liegenden gewässern (Teiche, Bächen etc.)	HausGarten	30
Welche kleinen Tierchen schleichen sich gerne in die Vorratskammern und knabbern dort sämtliche Leckereien an?	Mäuse	HausGarten	31
Mit welchen Werkzeugen kann man Holz zerteile?	Säge, Beil, Axt	HausGarten	32
Wie heißt die Platzsparende Sitzgelegenheit, die in Küchen sehr beliebt ist und auf der notfalls zusammengerückt werden kann, um Raum für Gäste zu schaffen?	Eckbank	HausGarten	33
Die Grüne Bohne ist eine recht anspruchslose Gartenpflanze und verspricht eine reichliche Ernte. Was sollte man aber vor dem Verzehr der Bohnen unbedingt beachten?	Die Bohnen sollten vor verzehr unbedingt gekocht werden, da sie Roh giftig sind.	HausGarten	34
Die Firma AEG war Lange Zeit eine ein beliebter Herstellen von Elektrogeräten. Mit welchen Spruch bewarb sie ihre Produkte?	AEG - Aus Erfahrung Gut	HausGarten	35
Von welchen Kontinent stammt die Kartoffel ursprünglich?	Südamerika	HausGarten	36
Welchen Haufen legen Hobbygärtner meistens an um Pflanzlichen Abfall zu verwerten?	Kompost	HausGarten	37
Fenster werden gerne mit Gardinen geschmückt. Welche Einrichtungen zum Sicht und Sonnenschutz an Festern gibt es noch?	z.B. Rollos, Jalousinen Fensterläden, Rolläden	HausGarten	38
1920 brachte die Firma Henkel das Produkt >> ATA << auf dem Markt. Was verbirgt sich hinten den Namen?	Ein Scheuermittel	HausGarten	39
Welches Material wurde häufig zur Herstellung von Kochtöpfen verwendet, bevor Aliuminium und Edelstahl zum Einsatz kamen?	Emaillie	HausGarten	40
Wie werden die kleinen Häuschen in Schrebergärten meist gennant?	Laube	HausGarten	41
Clemens Wilmenrod hatte ab 1953 großen Einfluss in deutschen Küchen. Wodurch wurde er bekannt?	Als Fernsehkoch 	HausGarten	42
Welche Winzigen Fischchen halten sich gerne in Bädern auf, können aber nocht Schwimmen?	Silberfischchen	HausGarten	43
Wie heißt das Gartegerät, mit dem man Erde umgräbt?	Spaten	HausGarten	44
Womit kann man das Inventar eines Haushaltes gegen Schäden schützen, die z.B.durch Sturm, Feuer oder Einbruchdiebstahl entstehen?	Durch eine Hausratsversicherung	HausGarten	45
Welchen Süßen Brotaufstrich kochen viele Hausfrauen am liebsten selbst ein?	Marmelade	HausGarten	46
Welches Tierische Abfallprodukt - besonders von Pferden und Kühen - wird von vielen Gärtnern als natürlicher Dünger geschätzt?	Mist	HausGarten	47
In den 1950er-Jahren brachte die Firma Philips ein Produkt mit dem Namen >>Scher Mann<< auf den Markt. Worum handelte es sich dabei?	Ein Trockenrasierer für Herren	HausGarten	48
Welche massiven, oft reich verzierten Öfen standen früher in vielen Wohnzimmern?	Kachelöfen	HausGarten	49
Wann wird Grünkohl geerntet?	Im Winter, nach dem ersten Frost	HausGarten	50
Welches war das erste Haustier des Menschen?	Hund	Tiere	51
Welches Tier Produziert Seide?	Die Seidenraupe	Tiere	52
Wovon ernähren sich Maulwürfe?	Hauptsächlich von Würmern und Insekten	Tiere	53
Ist es Wahr, dass eine Kreuzung aus Ziege und Schaf >>Schiege<< genannt wird?	Ja, das ist Wahr. Der Fall kommt aber in der Natur nur selten vor	Tiere	54
Leben Füchse im Rudel oder sind sie Einzelgänger?	Füchse gehören zwar zu den Hundeartigen Tieren, sind aber Einzlgänger	Tiere	55
Auf welchen Kontinent leben Tiger?	Asien	Tiere	56
Wie nennt man die Muttertiere bei Wildschweinen? 	Bache	Tiere	57
Welches Tier wird im Märchen zum Prinzen, als es an die Wand geworfen wird,	der Frosch (In der Froschkönig)	Tiere	58
Wie heißen die drei Hauptgangarten des Pferdes?	Schritt, Trab und Galopp	Tiere	59
Mit welchen Tier vergleicht man Menschen die sehr Stur sind - sie sind Störrisch wie ein ??	Esel	Tiere	60
Schätzfrage: Wie alt können Giraffen werden?	in der Wildnis ca. 25 Jahre, in Gefangenschaft bis zu 35 Jahre	Tiere	61
Welches Tier heißt in der Fabel >>Adebar<< ?	Storch	Tiere	62
Leben Pinguine am Nordpol oder Südpol?	am Südpol	Tiere	63
Mauersegler sind Vögel, die äußerlich den Schwalben ähneln und die Brutsaison in Mitteleuropa verbringen.Stimmt es dass sich diese Vögel über mehrere Monate hinweg ununterbrochen in der Luft aufhalten können?	Ja, das ist richtig	Tiere	64
Das Maultier ist eine kreuzung welcher Tiere?	Aus einer Pferdestute und einem Eselhengst	Tiere	65
šber einen Menschen, der besonders empfindlich und Hellhörig ist, sagt man: >>Er hört die Flöhe ? <<?	Husten	Tiere	66
Schätzfrage: Wie lange trägt eine Elefantenkuh 	20-22 Monate	Tiere	67
Welcher Fisch liefert den den begehrten Kaviar?	Der Stör	Tiere	68
Wie lange hält der Siebenschläfer Winterschlaf?	Sieben Monate - daher auch der Name	Tiere	69
Wie nennt man ein weibliches Pferd?	Stute	Tiere	70
Welchen beinamen hat die Elster im Volksmund	die Diebische Elster 	Tiere	71
Wie lautet ein bekanntes Sprichwort: >>In der Nacht sind alle Katzen ?<< 	Grau	Tiere	72
Welches Tier verbirgt sich hinter der Bezeichnung Skunk	Das Stinktier	Tiere	73
Ist die Ringelnatter eine Giftschlange?	Nein, sie ist für den Menschen komplett ungefährlich	Tiere	74
Welche Farbe haben Flamingos?	Rosa	Tiere	75
Schätzfrage: Wie alt können Goldfische werden?	bis zu 40 Jahren	Tiere	76
Welche besondere Eigenschaft wird dem Fuchs zugesprochen	Man sagt das der Fuchs besonders schlau bzw. Listig sei	Tiere	77
Woraus bestehen die Stoßzähne von Elefanten?	aus Elfenbein	Tiere	78
Welches Tier wird dem Rotkäppchen und seiner Großmutter im Märchen gefährlich?	der Wolf	Tiere	79
Wie nennt man die Nester von Adlern?	Horst	Tiere	80
Was für ein Tier ist der Pillendreher?	ein Käfer	Tiere	81
Wie heißt der Spruch: >>Eine Krähe hackt der anderen ? <<?	kein Auge aus	Tiere	82
Welche Farbe hat ein Feuersalamander?	Schwarz mit gelben Flecken	Tiere	83
Stimmt es, dass in Großbritannien fast alle Schwäne des landes der Königen gehören?	Ja, das ist per Gesetz verankert	Tiere	84
Aus welchen Material besteht ein Hirschgeweih?	aus Knochen	Tiere	85
Wie lange kann eine Zecke ohne Nahrung(Blut) überleben?	bis zu 10 Jahren	Tiere	86
Wie nennt man den Nachwuch von Hunden?	Welpen	Tiere	87
Wozu dient der Beuter von Beuteltieren?	zur Aufzucht der Jungtiere	Tiere	88
Schätzfrage: Wie Groß ist der kleinste Vogel der Welt? Tipp Kann auch mit den Fingern gezeichnet werden.	Der kleinste Vogel ist eine Kolibriart (Bienenelfe) und misst nur ca. 6 Zentimeter	Tiere	89
In welchen Körperteil haben Schmetterlinge ihren Geschmackssinn?	In den Beinen	Tiere	90
Wie nennt man ein weibliches Reh?	Ricke	Tiere	91
šber eine Frau, die andere hintergeht, sagt man auch>> Sie ist eine falsche ?<<	Schlange	Tiere	92
Ist der Kabeljau ein Süß- oder Salzwasserfisch?	ein Salzwasserfisch	Tiere	93
Stimmt es dass der größte Schmetterling der Welt eine Flügelspannweite von über 80 Zentimetern erreichen kann?	Nein, der Atlasspinner gilt asl der Größte Schmetterling, hat aber eine maximale Flügelspannweite von ca. 30 Zentimeter	Tiere	94
Welche Farbe hat ein Pandabär?	schwarz und Weiß	Tiere	95
Wie endet das Sprichwort: >> Ein blindes Huhn findet ? <<? 	auch einmal ein Korn	Tiere	96
Welche Tiere enstehen aus Kaulquappen?	Frösche	Tiere	97
Schätzfrage: Wie alt können Hummeln werden?	Drohnen und Arbeiter erreiche meist nur ein Alter von drei bis 4 Wochen, Königinnen leben bis zu einen Jahr	Tiere	98
Ist es wahr dass bei den Seepferdchen die Männchenden Nachwuch gebären?	Ja	Tiere	99
Was ist ein Tölper?	Ein Vogel	Tiere	100
In welchem Monat wird der Muttertag gefeiert?	im Mai	Familie	101
"Wie heißt ein klassisches Familienspiel: ""Mensch?""?"	"""Mensch, ärgere dich nicht"""	Familie	102
Welches tragische junge Liebespaar gilt als das berühmteste der Weltliteratur? Tipp: Ihre Geschichte wurde von William Shakespeare zu Papier gebracht.	Romeo und Julia	Familie	103
Welche blonden Zwillingsschwestern feierten besonders in den 1960er- und 1970er-Jahren große Erfolge als Sängerinnen, Tänzerinnen und Schauspielerinnen?	die Kessler-Zwillinge	Familie	104
Worin klebt man gerne Familienfotos ein und lässt Besucher darin blättern?	Fotoalbum	Familie	105
"Was hat das Mädel eines verliebten Burschen in einem Volkslied? ""Mein Mädel hat einen ?"""	"""Mein Mädel hat einen Rosenmund und wer ihn küsst, der wird gesund."""	Familie	106
Womit vergiftet die Stiefmutter das Schneewittchen im Märchen?	mit einem Apfel	Familie	107
"Wie heißt die Familie in der Fernsehserie ""Ein Herz und eine Seele"", deren Oberhaupt ""Ekel Alfred"" genannt wird?"	Familie Tetzlaff	Familie	108
Wie bezeichnet man das 10-jährige Hochzeitsjubiläum? Tipp: Denken Sie an die Königin der Blumen.	Rosenhochzeit	Familie	109
"Welche Verwandten wurden früher mit dem Begriff ""Oheim"" bezeichnet?"	Bruder und Schwager der Mutter	Familie	110
Der englische König Heinrich VIII. war bekannt für seine zahlreichen Ehen, von denen die meisten katastrophal endeten. Wie oft war der Köig verheiratet?	sechs Mal (2 Ehefrauen wurden hingerichtet, 2 Ehen annulliert, 1 Frau starb und die letzte überlebte den König nur um anderthalb Jahre)	Familie	111
Mit welchem tierischen Symbol vor dem Haus wird häufig die Geburt eines Kindes bekannt gegeben?	mit einem Storch	Familie	112
Wie heißen die berühmten Gebrüder Grimm mit Vornamen?	Jakob und Wilhem	Familie	113
Wlchem Beruf gingen die Brüder Thomas und Heinrich Mann nach?	Schriftsteller	Familie	114
An welchem Datum feiert man den Valentinstag, als Tag der Liebenden?	am 14. Februar	Familie	115
Bis zum Beginn des 20. Jahrhunderts war es bei wohlhabenden Frauen teilweise üblich, ihren Nachwuchs von fremden Frauen stillen zu lassen. Wie nannte man diese Frauen?	Ammen	Familie	116
"""Es war einmal ein treuer Husar ?"" - mit disen Worten beginnt ein altes Liebeslied. Wie lautet der Text weiter?"	"""Es war einmal ein treuer Husar, der liebt sein Mädchen ein ganzes Jahr. Ein ganzes Jahr und noch viel mehr, die Liebe nahm kein Ende mehr."""	Familie	117
Die österreichische Familie Hörbiger hat eine ganze Reihe bekannter Schauspieler hervorgebracht. In welcher verwandtschaftlichen Beziehung stehen Paul und Christiane Hörbiger?	Christiane (geb. 1938) ist die Nichte von Paul Hörbiger (1894 - 1981)	Familie	118
"Wie lautet ein Sprichwort: ""Was man erheiratet, muss man nicht ?""?"	"""Was man erheiratet, muss man nicht erarbeiten."""	Familie	119
"Eine beliebte Fernsehserie aus dem Jahre 1965 war ""Der Forellenhof"". Um welches Familienunternehmen dreht sich die Handlung, die in acht Folgen gesendet wurde?"	ein Landhotel im Schwarzwald	Familie	120
Wie hieß die erste Familienserie, die im deutschen Fernsehen ausgestrahlt wurde? Tipp: Die Vornamen der Serieneltern lauteten Trude und Matthias.	"""Familie Schölermann"""	Familie	121
Was symbolisiert die Farbe Weiß bei Brautkleidern?	Reinheit und Unberührtheit	Familie	122
Wie bezeichnet man in der Verwandtschaftsbeziehung die Kinder von Geschwistern?	als Nichten und Neffen	Familie	123
Welcher persönliche Ehrentag hat in katholischen Familien oft einen höheren Stellenwert als der Geburtstag?	der Namenstag	Familie	124
"""Horch, was kommt von draußen rein?"", wird in einem alten Volkslied gefragt. Wie lautet die Antwort?"	"""? wird wohl mein Feinsliebchen sein, hollahihaho"""	Familie	125
Mit wem war der ehemalige Bundeskanzler Helmut Schmidt über 60 Jahre verheiratet?	Hannelore (Loki) Schmidt	Familie	126
"Wie lautet ein bekanntes Sprichwort, das viele Eheleute sicher gerne bejahen: ""Eigener Herd ?"" ?"	"""Eigener Herd ist Goldes wert."""	Familie	127
Welches Familienmitglied wird besonders an Christi Himmelfahrt geehrt?	der Vater (Vatertag)	Familie	128
Wie heißt die Schwester von Schneeweißchen im Märchen?	Rosenrot	Familie	129
Welches Schmuckstück tragen Eheleute als Zeichen der Verbundenheit?	Eheringe	Familie	130
Wer kam früher traditionell meist für die Kosten einer Hochzeit auf?	die Eltern der Braut	Familie	131
Aus welcher Familie stammt die bekannte Schauspielerfamilie Millowitsch?	Aus Köln.	Familie	132
Wie heißt ein bekannter Roman von Erich Kästner, in dessen Mittelpunkt zwei Schwestern stehen?	"""Das doppelte Lottchen"""	Familie	133
Für viele Menschen gehören auch Haustiere zur Familie. Welcher berühmte Hund aus einer amerikanischen Fernsehserie verzauberte uns alle?	Lassie	Familie	134
"Welches Ehejubiläum nennt man auch ""Diamanthochzeit""?"	das 60-jährige Jubiläum	Familie	135
Wie lautet der Name einer jungen Frau, in die sich Tarzan verliebt?	Jane	Familie	136
"Welche Schauspielerin spielte die Hauptrolle in der Komödie ""Die Züricher Verlobung""?"	Lilo Pulver	Familie	137
"Welcher junge Interpret sang Ende der 1960er-Jahre ""Mama, du sollst doch nicht um deinen Jungen weinen""?"	Heintje	Familie	138
Welche Geschwister laufen im Märchen von zu Hause weg und suchen in einem Lebkuchenhaus Zuflucht?	Hänsel und Gretel	Familie	139
"Ein bekanntes Sprichwort lautet: ""Gleich und gleich ?""?"	"""Gleich und gleich gesellt sich gern."""	Familie	140
Wie heißt die österreichische Musikerdynastie, die mehrere gefeierte Walzerkomponisten und hervorragende Kapellmeister hervorgebracht hat?	Strauss	Familie	141
Wie hieß die Mutter von Romy Schneider, die ebenfalls Schauspielerin war?	Magda Schneider	Familie	142
"Aus einer Bildergeschichte von Wilhelm Busch stammt der Satz: ""Vater werden ist nicht schwer, ?"""	"""Vater werden ist nicht schwer, Vater sein dagegen sehr."""	Familie	143
Wie nennt man das Fest, das am Abend vor der Hochzeit gefeiert wird und bei dem meist einiges an Porzellan zerschlagen wird?	Polterabend	Familie	144
Wie wird die Hochzeitsreise meist noch bezeichnet?	als Flitterwochen	Familie	145
"Aus wie vielen Schwestern bestand das Gesangs-Ensemble ""Jacob Sisters"" ursprünglich?"	aus vier Schwestern	Familie	146
"Woher stammte das Žnnchen aus einem Volkslied, von dem es heißt ""? du meine Seele, mein Fleisch und mein Blut""?"	"aus Tharau (""Žnnchen von Tharau"")"	Familie	147
"In welcher Stadt spielt die Familienserie ""Lindenstraße"", die seit 1985 regelmäßig ausgestrahlt wird?"	Die Handlung spielt in München, aber gedreht wird die Serie in Köln.	Familie	148
Wann feiert eine Frau mit dem Namen Sophie Namenstag? Tipp: Denken Sie an den Eisheiligen - die kalte Sophie.	15. Mai	Familie	149
Wie hieß, gemäß der biblischen Geschichte, der erste Sohn von Adam und Eva?	Kain	Familie	150
Was trägt eine Braut häufig auf dem Kopf	Schleier, Diadem, Kränzchen.	Familie	151
Woran lutschen Kinder mit Vorliebe?	an ihrem Daumen	KindheitJugend	152
"Wie lautet ein beliebter Abzählreim vollständig: ""Ene, meine, miste, es rappelt ?""?"	"""Ene, mene, miste, es rappelt in der Kiste. Ene, meine, muh und raus bist du"" (oder auch: ""Ene, meine, meck und du bist weg"")"	KindheitJugend	153
Welches Pferd steht in vielen Kinderzimmern?	das Schaukelpferd	KindheitJugend	154
"Wie heißt das Märchen, aus dem der Ausspruch stammt: ""Heute back' ich, morgen brau' ich, übermorgen hol' ich der Königin ihr Kind. Ach wie gut, dass niemand weiß, ?""?"	"""Rumpelstilzchen"""	KindheitJugend	155
Bei welchem Spiel muss eine Vielzahl von Teilen zu einem Bild zusammengefügt werden?	beim Puzzle	KindheitJugend	156
"In einem Sprichwort heißt es: ""Gebranntes Kind scheut das ?"""	"""Gebranntes Kind scheut das Feuer"""	KindheitJugend	157
Welcher armen Witwe spielen Max und Moritz arme Streiche?	Witwe Bolte	KindheitJugend	158
"Wie lautet die erste Strophe des beliebten Kindertanzes: ""Brüderchen, komm, tanz' mit mir ?""?"	"""Brüderchen, komm, tanz' mit mir. Beide Hände reich ich dir, einmal hin, einmal her, rundherum, das ist nicht schwer."""	KindheitJugend	159
Mit welcher Liesel werden die Kinder häufig an Handarbeiten herangeführt?	mit der Strickliesel	KindheitJugend	160
Wie viele Milchzähne hat ein Kind?	20 Milchzähne (Das Erwachsenengebiss hat 32 Zähne - mit Weisheitszähnen)	KindheitJugend	161
"Wie heißt der Zungenbrecher vollständig: ""Blaukraut bleibt Blaukraut und ?"""	"""Blaukraut bleibt Blaukraut und Brautkleid bleibt Brautkleid"""	KindheitJugend	162
Wie heißt das Kartenspiel für Kinder, bei dem je eine Karte beim Nachbarn gezogen wird und Kartenpaare ausgelegt werden?	Schwarzer Peter	KindheitJugend	163
Die Lausbubengeschichten von Tom Sawyer und seinem besten Freund Huckleberry Finn haben viele Kinder mit Begeisterung gelesen. In welchem Land spielen die Abenteuer der beiden?	In den USA, in dem fiktiven Ort St. Petersburg in Missouri am Ufer des Mississippi	KindheitJugend	164
"Ein beliebtes Malspiel für Kinder lautet: ""Punkt, Punkt, Komma, Strich, ?""?"	"""Punkt, Punkt, Komma, Strich, fertig ist das Mondgesicht."" (Es gibt viele Varianten, die den Spruch weiterführen.)"	KindheitJugend	165
Was ist eine Fibel?	ein Buch zum Lesenlernen für Kinder, in der Regel reich bebildert.	KindheitJugend	166
Wie heißen die kleinen bunten Kugeln, die von vielen Kindern geliebt und gesammelt werden?	Murmeln	KindheitJugend	167
Welche Kinderkrankheit wird auch Ziegenpeter oder Bauernwetzel genannt?	Mumps	KindheitJugend	168
"In einem bekannten Kinderlied wird gefragt: ""Eia popeia, was raschelt im Stroh?"". Wie lautet die Antwort?"	"""Das sind die lieben Gänslein, die hab'n keine Schuh."""	KindheitJugend	169
Der Struwwelpeter wurde uns als abschreckendes Beispiel für ein ungezogenes Kind vorgehalten, denn er wollte seine Haare nicht kämmen lassen. Wogegen sträubte sich der Struwwelpeter noch?	"gegen das Schneiden der Fingernägel (""An den Händen beiden ließ er sich nicht schneiden seine Nägel fast ein Jahr. Kämmen ließ er nicht sein Haar ?"")"	KindheitJugend	170
"Wie heißt ein beliebtes Spiel für größere Kindergruppen: ""Wer hat Angst vorm ?"" ?"	"""Wer hat Angst vorm schwarzen Mann?"""	KindheitJugend	171
Welches Märchen handelt von einer Gold- und einer Pechmarie?	Frau Holle	KindheitJugend	172
Womit schreibt der Lehrer auf die Wandtafel?	mit Kreide	KindheitJugend	173
Bei Kindefesten wird gerne ein Wettlaufen veranstaltet, bei dem die Kinder einen Löffel in der Hand halten. Was müssen sie darauf balancieren?	ein Ei (Eierlaufen)	KindheitJugend	174
"Welche begehrten Produkte stellte eine britische Firma ab 1953 unter dem Namen ""Matchbox"" her?"	"Spielzeugautos (""Matchbox"" bedeutet im Englischen Streichholzschachtel; die Autos wurden ursprünglich in dieser Größe dargestellt, da in GB zu dieser Zeit nur Spielzeuge mit zur Schule gebracht werden durften, die nicht größer waren.) "	KindheitJugend	175
"Wie lautet ein unfeiner, aber amüsanter Abzählreim: ""Peter hat ins Bett geschissen, gerade auf's ?""?"	"""Peter hat ins Bett geschissen, gerade aufs Paradekissen. Mutter hat's geseh'n und du musst geh'n."""	KindheitJugend	176
"Bereits 1929 wurden die ersten Abenteuer der Comicfiguren ""Tim und Struppi"" veröffentlicht. Welchen Beruf übt Tim, der Held der Geschichten, aus?"	Tim ist ein belgischer Reporter, der um die ganze Welt reist und dabei in verschiedene Abenteuer verwickelt wird.	KindheitJugend	177
Wie heißt ein lustiges Spiel für größere Kindergruppen, bei dem eine Nachricht von Person zu Person weitergeflüstert wird?	Stille Post	KindheitJugend	178
"Ein Zungenbrecher lautet: ""Zwischen zwei Zwetschgenzweigen ?"""	"""Zwischen zwei Zwetschgenzweigen sitzen zwei zwitschernde Schwalben."""	KindheitJugend	179
"Wohin ging ""Hänschen Klein"" in einem Kinderlied ganz allein?"	"""Hänschen ging allein in die weite Welt hinein ?"""	KindheitJugend	180
Welches Quietschtier leistet Kindern in der Badewanne häufig Gesellschaft?	eine Ente	KindheitJugend	181
Was wurde im Märchen aus dem hässlichen Entlein?	ein Schwan (Märchen von Hans Christian Andersen)	KindheitJugend	182
"Wie heißt ein einfaches Ratespiel, das überall ohne Material gespielt werden kann: ""Ich sehe was, ?"""	"""Ich sehe was, was du nicht siehst."""	KindheitJugend	183
"Viele Mädchen haben in ihrer Jugend ein Poesiealbum geführt. Wie lautet einer der bekanntesten Sprüche: ""Rosen, Tulpen, Nelken, ?"""	"""Rosen, Tulpen, Nelken, alle Blumen welken, nur die eine nicht und die heißt Vergissmeinnicht."""	KindheitJugend	184
Welche Konstruktionen sind auf fast jedem Spielplatz zu finden und verlocken Kinder zu akrobatischen šbungen?	Klettergerüste	KindheitJugend	185
"Nach der Schulzeit folgte früher in der Regel eine Berufsausbildung. Was sagt der Volksmund: ""Lehrjahre sind keine ?"""	"""Lehrjahre sind keine Herrenjahre."""	KindheitJugend	186
"In welchem Film spielte Heinz Rühmann den aufsässigen Schüler Hans Pfeiffer, zu dem ein Lehrer verzweifelt sagte: ""Sehen Sie, Pfeiffer, es ist nichts mit Ihnen. Sie werden immer dümmer! ? Suchen Sie sich einen Beruf, in dem Sie nicht viel schreiben, am besten Zahnarzt oder so etwas."""	"In ""Die Feuerzangenbowle""."	KindheitJugend	187
Was legten die Tunichtgute Max und Moritz ihrem Onkel Fritz ins Bett und brachten ihn damit um seine Nachtruhe?	Maikäfer	KindheitJugend	188
"Wie heißt ein bekanntes Malspiel für Kinder? ""Das ist das Haus vom ?"""	"""Das ist das Haus vom Nikolaus."""	KindheitJugend	189
Welche Augenfarbe haben die meisten hellhäutigen Babys in den ersten Lebenswochen?	blau (weil die Pigmentierung der Regenbogenhaut im Auge noch nicht abgeschlossen ist)	KindheitJugend	190
"Wie ist der Wortlaut eines bekannten Wiegenliedes? ""Schlaf Kindlein schlaf. Dein Vater ?"""	"""Schlaf, Kindlein, schlaf! Dein Vater hüt' die Schaf. Die Mutter schüttelt's Bäumelein, da fällt herab ein Träumelein. Schlaf, Kindlein, schlaf!"""	KindheitJugend	191
"""Robinson Crusoe"" ist ein Abenteuerroman, der besonders von Jungen gerne gelesen wird. Wie nannte Robinson Crusoe den jungen Mann, den er vor den Kannibalen rettete und der anschließend sein Freund und Diener wurde?"	Freitag (in Erinnerung an den Wochentag, an dem er ihn gerettet hatte)	KindheitJugend	192
Wie heißt das Spiel, bei dem ein Kind die anderen mit verbunden Augen fangen muss?	"""Blinde Kuh"""	KindheitJugend	193
Bereits seit 1940 erheitern die Zeichentrickfiguren Tom und Jerry große und kleine Zuschauer mit ihren wilden Verfolgungsjagden. Welche Tiere verkörpern die Figuren?	"""Tom ist ein Kater, Jerry eine Maus."	KindheitJugend	194
"Ein lustiger Kanon beginnt mit den Worten: ""Ein Mops kam in die Küche ?"", wie lautet der Text weiter?"	"""Ein Mops kam in die Küche und stahl dem Koch ein Ei. Da nahm der Koch den Löffel und schlug dem Mops zu Brei. Da kamen viele Möpse und gruben ihm ein Grab. Und setzten drauf 'nen Grabstein, auf dem geschrieben stand: ?"""	KindheitJugend	195
"Vom welchem Autoren stammt das Kinderbuch: ""Das fliegende Klassenzimmer"", das auch mehrmals verfilmt wurde?"	von Erich Kästner	KindheitJugend	196
Mit welchen Holzteilen spielen besonders Jungen gerne und errichten damit Türme oder ganze Landschaften?	Bausteine/Bauklötze	KindheitJugend	197
"Im Volksmund sagt man: ""Kleine Kinder, kleine Sorgen, ?"""	"""Kleine Kinder, kleine Sorgen, große Kinder große Sorgen"""	KindheitJugend	198
"Wie heißt der Junge aus dem ""Struwwelpeter"", der nicht stillsitzen kann und beim Schaukeln mit dem Stuhl die Tischdecke samt Essen vom Tisch zieht?"	Zappelphilipp	KindheitJugend	199
"Welches Gedicht von Friedrich Schiller musste früher von fast allen Schülern auswendig gelernt werden? Es beginnt mit den Worten: ""Festgemauert in der Erden steht die Form aus Lehm gebrannt ?"""	"""Das Lied von der Glocke"""	KindheitJugend	200
"Der Name eines Gruppenspiels für Kinder heißt: ""Hänschen, ?""?"	"""Hänschen, piep einmal!"""	KindheitJugend	201
"Ein beliebtes deutsches Urlaubsziel ist das ""Schwäbische Meer"". Wie lautet der korrekte Name des Sees?"	Bodensee	Urlaub	202
Wie nennt man die kleinen Bauwerke, die besonders Kinder gerne am Strand bauen?	Sandburg	Urlaub	203
Welches Auto ohne Dach vermittelt bei schönem Wetterein besonderes Urlaubsgefühl?	das Cabrio	Urlaub	204
In welche europäische Hauptstadt muss man fahren, um das Goldene Gässchen und die Karlsbrücke zu besichtigen?	Nach Prag	Urlaub	205
"An warmen, sonnigen Tagen sind Biergärten besonders beliebte Aufenthaltsorte. Wie heißt die deutsche Stadt, die auch als ""Biergartenhauptstadt"" bezeichnet wird?"	München	Urlaub	206
Wencke Myhre besang in einem ihrer Schlager ein Gummiboot. Welche Farbe hatte dieses?	rot	Urlaub	207
Wie hieß der berühmte Luxuszug, der bereits 1883 mit Schlaf- und Speisewagen von Paris nach Konstantinopel fuhr?	Orient-Express	Urlaub	208
Eine beliebte Freizeitbeschäftigung ist die Philatelie. Welche Sammelleidenschaft verbirgt sich hinter dem Begriff?	das Sammeln von Briefmarken	Urlaub	209
Ein beliebtes Ziel für Wintersportler heißt Davos. In welchem Land befindet sich dieser Luftkurort?	in der Schweiz.	Urlaub	210
Mit welchem Transportmittel unternimmt man eine Kreuzfahrt?	mit dem Schiff	Urlaub	211
Wo kann man das sagenhafte Ungeheuer von Loch Ness besuchen?	in Schottland/Großbritannien	Urlaub	212
Gerade im Urlaub gönnt man sich gerne mal ein besonderes alkoholisches Mixgetränk wie Kir Royal, Gin Tonic, Bloody Mary oder Pink Lady. Wie nennt man diese Mischgetränke?	Cocktails.	Urlaub	213
Ein beliebtes Hobby, vor allem bei Männern, ist das Zusammenbauen von Schiffen, Flugzeugen, Gebäuden oder Fahrzeugen im Miniaturformat. Wie nennt man diese Tätigkeit?	Modellbau	Urlaub	214
In welchem Land kann man im Balaton baden?	in Ungarn	Urlaub	215
Was sammeln Kiner besonders gerne an Meeresstränden?	Muscheln	Urlaub	216
In New York kann man die berühmte Freiheitsstatue besichtigen. Trägt sie sie Fackel in der rechten oder linken Hand?	in der rechten Hand	Urlaub	217
"Ein besonderes Ereignis ist eine Fahrt in einer historischen Eisenbahn. Auf welcher deutschen Insel verkehrt regelmäßig der ""Rasende Roland""?"	auf Rügen	Urlaub	218
Wie heißt der größte See Italiens, der ein beliebtes Urlaubsziel ist?	Gardasee	Urlaub	219
"Woher kommt ein deutscher Tourist mit dem Autokennzeichen ""HH""?"	aus (der Hansestadt) Hamburg	Urlaub	220
Längere Reisestrecken legt man gerne mit dem Flugzeug zurück. Wie nennt man die hilfreichen Flugbegleiterinnen?	Stewardessen	Urlaub	221
Von welchem deutschen Urlaubsziel bringt man gerne eine Kuckucksuhr als Souvenir mit nach Hause?	aus dem Schwarzwald	Urlaub	222
Wie heißt das größte Volksfest der Welt, das jedes Jahr Ende September in München abgehalten wird?	Oktoberfest	Urlaub	223
Im Urlaub versucht man sich gerne mal im Glücksspiel. In welchen Einrichtungen kann man in Abendgarderobe Roulette, Black Jack und Poker spielen?	im Casino	Urlaub	224
Tierparks sorgen nicht nur bei Kindern für gute Laune. In welchem Bundesland kann man den Vogelpark Walsrode besichtigen?	in Niedersachsen	Urlaub	225
Wenn es draußen kalt und trüb ist, erfreuen sich Thermlbäder besonderer Beliebtheit. Wie heißen die Holzhütten, in denen man kräftig ins Schwitzen kommt?	Sauna	Urlaub	226
In welchem europäischen Urlaubsland zahlte man früher mit Drachmen?	in Griechenland	Urlaub	227
Welchen Namen trägt die Ostsee-Halbinsel, auf der man die Kaiserbäder Bansin, Heringsdorf und Ahlbeck findet?	Usedom	Urlaub	228
In welches Urlaubsland fährt man, wenn man eine Reise nach Dalmatien gebucht hat?	Kroatien	Urlaub	229
Wofür benötigt man beim Zelten Heringe?	zum Befestigen bzw. Verankern des Zeltes in der Erde	Urlaub	230
Welche Amtssprachen werden in Kanada verwendet?	englisch und französisch	Urlaub	231
IN welchem Landkann man mit dem Bernina-Express und dem Glacier-Express durch eine bezaubernde Landschaft fahren?	in der Schweiz.	Urlaub	232
Welche Flüsse fließen in Koblenz am Deutschen Eck zusammen?	Rhein und Mosel	Urlaub	233
Wie heißt die Urlaubsregion in Branenburg, die für ihre zahlreichen Flusskanäle und eingelegte Gurken bekannt ist?	Spreewald	Urlaub	234
Welches Ballspiel mit zwei Mannschaften und einem Netz wird an Stränden gerne gespielt?	(Beach-)Volleyball	Urlaub	235
Wie heißt die elegante Pferderasse, die man in der Spanischen Hofreitschule in Wien bewundern kann?	Lipizzaner	Urlaub	236
Welcher deutsche See beherbergt eine Herreninsel und eine Fraueninsel?	der Chiemsee	Urlaub	237
Welche Bilderpost versendet man gerne aus dem Urlaub an Verwandte und Freunde?	Ansichtskarten	Urlaub	238
In welchem europäischen Land kann man Geysire (heiße Wasserfontänen, die von der Erde ausgestoßen werden) beobachten?	in Island	Urlaub	239
Womit schützt man die Augen vor starker Sonneneinstrahlung?	mit einer Sonnenbrille	Urlaub	240
"Wie lautet ein bekannter Sommertitel von Conny Froboess weiter: ""Pack die ?"""	"""Pack die Badehose ein, nimm dein kleines Schwesterlein und dann nichts wie raus nach Wannsee ?"""	Urlaub	241
Welche Farbe haben Taxis in London?	Schwarz	Urlaub	242
Welche Verkehrsansammlung lässt die Urlaubsreise mit dem Auto oft zur Geduldsprobe werden?	der Stau	Urlaub	243
"In welchem Urlaubsland wird man mit ""Hola"" begrüßt?"	in Spanien	Urlaub	244
Wo fuhr 1835 die erste deutsche Eisenbahn?	von Nürnberg nach Fürth	Urlaub	245
Auf welchem Erdteil kann man Kängurus und Koalabären in freier Natur erleben?	in Australien	Urlaub	246
"Wenn man in Italien einer ""Farmacia"" aufsucht, handelt es sich um welche Einrichtung?"	eine Apotheke	Urlaub	247
"Der ""Louvre"" gilt als das meistbesuchte Museum der Welt. In welcher Stadt findet man den Touristenmagneten?"	in Paris	Urlaub	248
"Der Volksmund sagt: ""Wenn einer eine Reise tut, so ?"""	"""Wenn einer eine Reise tut, so kann er was erzählen."" Der Text stammt ursprünglich aus einem Gedicht von Matthias Claudius und lautet im Original: ""Wenn jemand eine Reise tut, so kann er was verzählen."""	Urlaub	249
"Welche russische Stadt ist für ihre zauberhaften weißen Nächte bekannt und wir auch ""Venedig des Nordens"" genannt?"	St. Petersburg	Urlaub	250
"Was ist der ""Hamburger Dom""?"	ein Volksfest, das dreimal jährlich in Hamburg stattfindet.	Urlaub	251
Welche Sportarten beinhaltet ein Triathlon-Wettkampf?	Schwimmen, Radfahren und Laufen	Sport	252
An welchem Wochentag finden in aller Regel die Formel-1-Rennen statt?	am Sonntag	Sport	253
Wofür stehen die fünf olympischen Ringe?	für die fünf Erdteile, die an den Spielen teilnehmen	Sport	254
Bei einem Eishockeyspiel befinden sich wie viele Spieler jeder Mannschaft auf dem Spielfeld?	sechs Spieler (fünf Feldspieler, ein Torwart)	Sport	255
Welchen Beinamen hatte Franz Beckenbauer als Fußballer?	Kaiser Franz	Sport	256
"Wie heißt die Sportart, in der ein ""Rittberger"" gesprungen wird?"	Eiskunstlauf	Sport	257
Für welchen Sportverband steht die Abkürzung DFB?	Deutscher Fußball-Bund	Sport	258
Der Amerikaner Jack Nicklaus blickt auf eine lange erfolgreiche Karriere in welcher Sportart zurück?	Golf	Sport	259
Wie heißen die drei Grundgangarten des Pferdes?	Schritt, Trab und Galopp	Sport	260
Der Diskuswurf ist eine olympische Disziplin der Leichtathletik. Wie schwer ist die Scheibe, die dabei von den Sportlern geworfen wird?	Im Wettbewerb der Männer wiegt der Diskurs 2 kg, bei Frauen 1 kg.	Sport	261
Wie lang ist die Strecke, die ein Marathonläufer zurücklegen muss?	ca. 42 km (exakt 42, 195 km)	Sport	262
In welchem deutschen Bundesland liegt die Motorrennstrecke Hockenheimring?	in Baden-Württemberg	Sport	263
Wann fand die erste Fußball-WM statt: 1912, 1926 oder 1930?	1930 in Urugay	Sport	264
"Welcher deutsche Fußballspieler ist als ""Bomber der Nation"" bekannt und gilt als einer der besten Stürmer des 20. Jahrhunderts?"	Gerd Müller	Sport	265
"In welcher Sportart gibt es einen Wettbewerb namens ""Davis Cup""?"	im Tennis (Wettbewerb für Nationalmannschaften im Herrentennis)	Sport	266
Seit 1952 wird im Skispringen jährlich die Vierschanzentournee veranstaltet. In welchen Ländern bzw. Orten werden die Springen regulär ausgetragen?	in Deutschland (Oberstdorf, Garmisch-Partenkirchen) und ™sterreich (Innsbruck, Bischofhofen)	Sport	267
Wie heißt der Hersteller von Sportartikeln, der eine Raubkatze in seinem Firmenlogo zeigt?	Puma	Sport	268
Welche Trikotfarbe trägt bei der Tour de France der in der Gesamtwertung führende Radfahrer?	gelb	Sport	269
In welcher Sportart war Henry Maske in den 1980er-Jahren erfolgreich?	im Boxen	Sport	270
Wie oft wurde Michael Schumacher Formel-1-Weltmeister?	sieben Mal	Sport	271
Welches Körpergewicht darf ein Jockey bei Pferderennen nicht überschreiten?	55 kg (bei Amateurrennen 60 kg)	Sport	272
Wie heißt die Spielscheibe beim Eishockey	Puck	Sport	273
In welcher Sportart gibt es einen Schmetterlingsstil?	beim Schwimmen	Sport	274
Welche Farben haben die olympischen Ringe?	blau, gelb, schwarz, grün und rot	Sport	275
Ein besonderer Augenschmaus für Zuschauer sind Wettbewerbe der Rhythmischen Sportgymnastik. Welche Handgeräte werden dabei verwendet?	Keule, Ban, Ball, Reifen und Seil	Sport	276
Wie nennt man beim Segeln die dem Wind abgewandte Seite?	Lee (Luv ist die dem Wind zugewandte Seite)	Sport	277
Im Tanzsport wird eine Riehe von Tänzern als Standardtänze bezeichnet - welche gehören dazu?	langsamer Walzer, Tango, Foxtrott, Slowfox, Wiener Walzer und Quickstep	Sport	278
In welcher Sportart trat Fürst Albert II von Monaco vier Mal bei den Olympischen Spielen an?	im Bob (als Bobpilot)	Sport	279
Wie lange dauert ein reguläres Fußballspiel ohne Verlängerung?	zewi Halbzeiten zu je 45 min, dazwischen 15 min Pause = insgesamt 1h 45 min	Sport	280
"Welche Sportarten beinhaltet die ""Nordische Kombination""?"	Skispringen und Skilanglauf	Sport	281
Der Tennisspieler Andre Agassi heiratete im Jahre 2001 eine Sportlerkollegin. Wie lautet ihr Name?	Steffi Graf	Sport	282
Ist Tauziehen eine olympische Sportart?	Tauziehen war von 1900-1920 eine olympische Sportart, wurde dann aber aus dem Programm gestrichen	Sport	283
Wie heißt der sensationelle US-amerikanische Hürdenläufer, der 1976 und 1984 olympisches Gold gewann?	Edwin Moses	Sport	284
Welche Farbe hat der Gürtel von Anfängern im Judo-Sport?	weiß	Sport	285
Wie heißt die deutsche Athletin, die 1976 als Sportlerin des Jahres gefeiert wurde, weil sie bei den olympischen Winterspielen in Innsbruck in allen der alpinen Skiwettbewerben Medaillen gewann?	Rosi Mittermaier	Sport	286
Wie viele Personen sitzen beim Rudersport in einem Vierer?	5 Personen (4 Ruderer und 1 Steuermann)	Sport	287
"Um welche Sportart drehen sich die Veranstaltungen ""Kieler Woche"" und ""Travemünder Woche""?"	um das Regattasegeln	Sport	288
Seit wann gibt es in Deutschland eine Nationalmannschaft im Frauenfußball: 1969, 1978 oder 1982?	1982	Sport	289
1988 wurden die Olympischen Winterspiele in Calgary ausgetragen. In welchem Land befindet sich dieser Ort?	in Kanada	Sport	290
In welcher Sportart errang Christian Neureuther in den 1970er-Jahren zahlreiche Siege?	im Skirennlauf (Slalom, Riesenslalom)	Sport	291
Wo fanden 1896 die ersten Olympischen Spiele der Neuzeit statt?	in Athen	Sport	292
Welche Medaillenfarbe erhält der Drittplatzierte eines sportlichen Wettbewerbs?	Bronze	Sport	293
Wie hieß der US-amerikanische Schwimmer, der bei den Olympischen Spielen 1972 in München ganze sieben Weltrekorde aufstellte?	Mark Spitz	Sport	294
Wie viele Kegel stehen bei einem Kegelspiel auf der Bahn?	neun	Sport	295
Wann fanden die ersten Formel-1-Rennen statt: 1950, 1954 oder 1962?	1950	Sport	296
"Auf welchem Medium wird die Sportart ""Voltigieren"" ausgeübt?"	auf dem Pferd (turnerische bzw. akrobatische šbungen, die auf dem Pferd ausgeführt werden)	Sport	297
Wer trainierte von 1964 bis 1978 sehr erfolgreich die deutsche Fußballnationalmannschaft? Sein Markenzeichen waren Mützen, ohne die er selten aus dem Haus ging.	Helmut Schön	Sport	298
Wie nannte sich der berühmte Schwergewichtsboxer Cassius Clay, nachdem er zum muslimischen Glauben konvertiert war?	Muhammad Ali	Sport	299
"In welcher Sportart gibt es die Disziplinen ""Reißen"" und ""Stoßen""?"	im Gewichtheben	Sport	300
Alexander Popow war bekannt für sein nobles Auftreten und seine elegante Technik. Wie heißt die Sportart, in der Popow in den 1990er-Jahren zahlreiche Erfolge feierte?	Schwimmen	Sport	301
